# Generated by local stop-line/heading/controller matching; converter refers links are ignored.
vtd_id,autoware_group_id,signal_type,signal_subtype
1,462951,1000020,-1
1,462953,1000020,-1
2,462951,1000008,-1
2,462953,1000008,-1
3,462955,1000020,-1
4,462955,1000008,-1
5,462951,1000012,10
5,462953,1000012,10
6,462955,1000012,-1
15,463127,1000012,10
32,462965,1000020,-1
32,462967,1000020,-1
32,462969,1000020,-1
33,462965,1000008,-1
33,462967,1000008,-1
33,462969,1000008,-1
35,462965,1000012,-1
35,462967,1000012,-1
35,462969,1000012,-1
36,462957,1000020,-1
36,462959,1000020,-1
36,462961,1000020,-1
37,462957,1000008,-1
37,462959,1000008,-1
37,462961,1000008,-1
38,462963,1000020,-1
39,462963,1000008,-1
40,462957,1000012,10
40,462959,1000012,10
40,462961,1000012,10
41,462963,1000012,-1
42,463117,1000020,-1
42,463119,1000020,-1
42,463121,1000020,-1
43,463117,1000008,-1
43,463119,1000008,-1
43,463121,1000008,-1
44,463123,1000020,-1
45,463123,1000008,-1
46,463117,1000012,10
46,463119,1000012,10
46,463121,1000012,10
47,463123,1000012,-1
48,463155,1000020,-1
48,463157,1000020,-1
49,463155,1000008,-1
49,463157,1000008,-1
50,463159,1000020,-1
51,463159,1000008,-1
52,463155,1000012,10
52,463157,1000012,10
53,463159,1000012,-1
54,463107,1000020,-1
54,463109,1000020,-1
54,463111,1000020,-1
54,463113,1000020,-1
55,463107,1000008,-1
55,463109,1000008,-1
55,463111,1000008,-1
55,463113,1000008,-1
56,463115,1000020,-1
57,463115,1000008,-1
58,463107,1000012,10
58,463109,1000012,10
58,463111,1000012,10
58,463113,1000012,10
59,463115,1000012,-1
66,463093,1000020,-1
66,463095,1000020,-1
66,463097,1000020,-1
67,463093,1000008,-1
67,463095,1000008,-1
67,463097,1000008,-1
68,463099,1000020,-1
69,463099,1000008,-1
70,463093,1000012,10
70,463095,1000012,10
70,463097,1000012,10
71,463099,1000012,-1
72,463101,1000020,-1
73,463101,1000008,-1
74,463103,1000020,-1
75,463103,1000008,-1
76,463101,1000012,10
77,463103,1000012,-1
78,463083,1000020,-1
78,463085,1000020,-1
78,463087,1000020,-1
78,463089,1000020,-1
79,463083,1000008,-1
79,463085,1000008,-1
79,463087,1000008,-1
79,463089,1000008,-1
80,463091,1000020,-1
81,463091,1000008,-1
82,463083,1000012,10
82,463085,1000012,10
82,463087,1000012,10
82,463089,1000012,10
83,463091,1000012,-1
84,463041,1000020,-1
85,463041,1000008,-1
86,463043,1000020,-1
87,463043,1000008,-1
88,463041,1000012,10
89,463043,1000012,-1
90,463007,1000020,-1
90,463009,1000020,-1
90,463011,1000020,-1
90,463013,1000020,-1
91,463007,1000008,-1
91,463009,1000008,-1
91,463011,1000008,-1
91,463013,1000008,-1
92,463015,1000020,-1
93,463015,1000008,-1
94,463007,1000012,10
94,463009,1000012,10
94,463011,1000012,10
94,463013,1000012,10
95,463015,1000012,-1
96,463127,1000020,-1
97,463127,1000008,-1
98,463129,1000020,-1
99,463129,1000008,-1
100,463129,1000012,-1
101,463125,1000020,-1
102,463125,1000008,-1
105,463125,1000012,10
107,462997,1000020,-1
107,462999,1000020,-1
107,463001,1000020,-1
107,463003,1000020,-1
108,462997,1000008,-1
108,462999,1000008,-1
108,463001,1000008,-1
108,463003,1000008,-1
109,463031,1000020,-1
109,463033,1000020,-1
110,463031,1000008,-1
110,463033,1000008,-1
111,463031,1000012,-1
111,463033,1000012,-1
114,462997,1000012,10
114,462999,1000012,10
114,463001,1000012,10
114,463003,1000012,10
116,463237,1000020,-1
116,463239,1000020,-1
117,463237,1000008,-1
117,463239,1000008,-1
118,463241,1000020,-1
119,463241,1000008,-1
120,463237,1000012,10
120,463239,1000012,10
121,463241,1000012,-1
122,463131,1000020,-1
122,463133,1000020,-1
122,463135,1000020,-1
122,463137,1000020,-1
123,463131,1000008,-1
123,463133,1000008,-1
123,463135,1000008,-1
123,463137,1000008,-1
124,463139,1000020,-1
125,463139,1000008,-1
126,463131,1000012,10
126,463133,1000012,10
126,463135,1000012,10
126,463137,1000012,10
127,463139,1000012,-1
128,462989,1000020,-1
128,462991,1000020,-1
128,462993,1000020,-1
128,462995,1000020,-1
129,462989,1000008,-1
129,462991,1000008,-1
129,462993,1000008,-1
129,462995,1000008,-1
132,462989,1000012,10
132,462991,1000012,10
132,462993,1000012,10
132,462995,1000012,10
134,463141,1000020,-1
134,463143,1000020,-1
134,463145,1000020,-1
135,463141,1000008,-1
135,463143,1000008,-1
135,463145,1000008,-1
136,463141,1000012,-1
136,463143,1000012,-1
136,463145,1000012,-1
137,463017,1000020,-1
138,463017,1000008,-1
141,463017,1000012,10
143,462981,1000020,-1
143,462983,1000020,-1
143,462985,1000020,-1
144,462981,1000008,-1
144,462983,1000008,-1
144,462985,1000008,-1
145,462987,1000020,-1
146,462987,1000008,-1
147,462981,1000012,10
147,462983,1000012,10
147,462985,1000012,10
148,462987,1000012,-1
149,463147,1000020,-1
150,463147,1000008,-1
151,463149,1000020,-1
152,463149,1000008,-1
153,463147,1000012,10
154,463149,1000012,-1
155,463603,1000020,-1
155,463605,1000020,-1
155,463607,1000020,-1
156,463603,1000008,-1
156,463605,1000008,-1
156,463607,1000008,-1
157,463609,1000020,-1
158,463609,1000008,-1
159,463603,1000012,10
159,463605,1000012,10
159,463607,1000012,10
160,463609,1000012,-1
161,463245,1000020,-1
162,463245,1000008,-1
163,463245,1000012,-1
164,463253,1000020,-1
164,463255,1000020,-1
165,463253,1000008,-1
165,463255,1000008,-1
166,463253,1000012,-1
166,463255,1000012,-1
167,463261,1000020,-1
168,463261,1000008,-1
169,463263,1000020,-1
170,463263,1000008,-1
171,463261,1000012,10
172,463263,1000012,-1
173,463265,1000020,-1
174,463265,1000008,-1
175,463267,1000020,-1
176,463267,1000008,-1
177,463265,1000012,10
178,463267,1000012,-1
179,463269,1000020,-1
180,463269,1000008,-1
181,463271,1000020,-1
182,463271,1000008,-1
183,463269,1000012,10
184,463271,1000012,-1
185,463281,1000020,-1
186,463281,1000008,-1
187,463283,1000020,-1
188,463283,1000008,-1
189,463281,1000012,10
190,463283,1000012,-1
194,463285,1000020,-1
194,463287,1000020,-1
195,463285,1000008,-1
195,463287,1000008,-1
196,463285,1000012,-1
196,463287,1000012,-1
197,463289,1000020,-1
198,463289,1000008,-1
199,463291,1000020,-1
200,463291,1000008,-1
201,463289,1000012,10
202,463291,1000012,-1
203,463303,1000020,-1
204,463303,1000008,-1
205,463303,1000012,-1
206,463295,1000020,-1
207,463295,1000008,-1
210,463295,1000012,10
212,463309,1000020,-1
213,463309,1000008,-1
214,463311,1000020,-1
215,463311,1000008,-1
216,463309,1000012,10
217,463311,1000012,-1
220,463319,1000020,-1
221,463319,1000008,-1
223,463319,1000012,-1
224,463323,1000020,-1
224,463325,1000020,-1
225,463323,1000008,-1
225,463325,1000008,-1
228,463323,1000012,10
228,463325,1000012,10
233,463339,1000020,-1
233,463341,1000020,-1
234,463339,1000008,-1
234,463341,1000008,-1
235,463339,1000012,-1
235,463341,1000012,-1
239,463315,1000020,-1
239,463317,1000020,-1
240,463315,1000008,-1
240,463317,1000008,-1
241,463315,1000012,10
241,463317,1000012,10
242,463315,1000012,-1
242,463317,1000012,-1
243,463379,1000020,-1
243,463381,1000020,-1
243,463383,1000020,-1
243,463385,1000020,-1
244,463379,1000008,-1
244,463381,1000008,-1
244,463383,1000008,-1
244,463385,1000008,-1
245,463387,1000020,-1
246,463387,1000008,-1
247,463379,1000012,10
247,463381,1000012,10
247,463383,1000012,10
247,463385,1000012,10
248,463387,1000012,-1
249,463347,1000020,-1
249,463349,1000020,-1
249,463351,1000020,-1
249,463353,1000020,-1
250,463347,1000008,-1
250,463349,1000008,-1
250,463351,1000008,-1
250,463353,1000008,-1
251,463355,1000020,-1
252,463355,1000008,-1
253,463347,1000012,10
253,463349,1000012,10
253,463351,1000012,10
253,463353,1000012,10
254,463355,1000012,-1
255,463361,1000020,-1
255,463363,1000020,-1
255,463365,1000020,-1
255,463367,1000020,-1
255,463369,1000020,-1
256,463361,1000008,-1
256,463363,1000008,-1
256,463365,1000008,-1
256,463367,1000008,-1
256,463369,1000008,-1
259,463361,1000012,10
259,463363,1000012,10
259,463365,1000012,10
259,463367,1000012,10
259,463369,1000012,10
285,463429,1000020,-1
285,463431,1000020,-1
285,463433,1000020,-1
286,463429,1000008,-1
286,463431,1000008,-1
286,463433,1000008,-1
287,463429,1000012,-1
287,463431,1000012,-1
287,463433,1000012,-1
288,463389,1000020,-1
288,463391,1000020,-1
288,463393,1000020,-1
289,463389,1000008,-1
289,463391,1000008,-1
289,463393,1000008,-1
290,463389,1000012,-1
290,463391,1000012,-1
290,463393,1000012,-1
291,463415,1000020,-1
291,463417,1000020,-1
291,463419,1000020,-1
292,463415,1000008,-1
292,463417,1000008,-1
292,463419,1000008,-1
293,463415,1000012,-1
293,463417,1000012,-1
293,463419,1000012,-1
294,463465,1000020,-1
294,463467,1000020,-1
294,463469,1000020,-1
294,463471,1000020,-1
295,463465,1000008,-1
295,463467,1000008,-1
295,463469,1000008,-1
295,463471,1000008,-1
296,463465,1000012,-1
296,463467,1000012,-1
296,463469,1000012,-1
296,463471,1000012,-1
297,463473,1000020,-1
298,463473,1000008,-1
301,463473,1000012,10
303,463371,1000020,-1
303,463373,1000020,-1
303,463375,1000020,-1
304,463371,1000008,-1
304,463373,1000008,-1
304,463375,1000008,-1
305,463377,1000020,-1
306,463377,1000008,-1
307,463371,1000012,10
307,463373,1000012,10
307,463375,1000012,10
308,463377,1000012,-1
309,463531,1000020,-1
310,463531,1000008,-1
311,463533,1000020,-1
312,463533,1000008,-1
313,463531,1000012,10
314,463533,1000012,-1
315,463449,1000020,-1
315,463451,1000020,-1
316,463449,1000008,-1
316,463451,1000008,-1
317,463453,1000020,-1
318,463453,1000008,-1
319,463449,1000012,10
319,463451,1000012,10
320,463453,1000012,-1
321,463515,1000020,-1
322,463515,1000008,-1
323,463517,1000020,-1
324,463517,1000008,-1
325,463515,1000012,10
326,463517,1000012,-1
327,463519,1000020,-1
327,463521,1000020,-1
328,463519,1000008,-1
328,463521,1000008,-1
329,463523,1000020,-1
330,463523,1000008,-1
331,463519,1000012,10
331,463521,1000012,10
332,463523,1000012,-1
333,463495,1000020,-1
334,463495,1000008,-1
335,463495,1000012,-1
336,463483,1000020,-1
336,463485,1000020,-1
337,463483,1000008,-1
337,463485,1000008,-1
338,463483,1000012,-1
338,463485,1000012,-1
339,463491,1000020,-1
340,463491,1000008,-1
341,463491,1000012,-1
342,463541,1000020,-1
342,463543,1000020,-1
343,463541,1000008,-1
343,463543,1000008,-1
344,463541,1000012,10
344,463543,1000012,10
345,463541,1000012,-1
345,463543,1000012,-1
346,463545,1000020,-1
347,463545,1000008,-1
348,463545,1000012,10
349,463545,1000012,-1
350,463551,1000020,-1
350,463553,1000020,-1
351,463551,1000008,-1
351,463553,1000008,-1
352,463551,1000012,-1
352,463553,1000012,-1
353,463571,1000020,-1
354,463571,1000008,-1
355,463573,1000020,-1
356,463573,1000008,-1
357,463571,1000012,10
358,463573,1000012,-1
359,463525,1000020,-1
359,463527,1000020,-1
360,463525,1000008,-1
360,463527,1000008,-1
361,463529,1000020,-1
362,463529,1000008,-1
363,463525,1000012,10
363,463527,1000012,10
364,463529,1000012,-1
365,463547,1000020,-1
366,463547,1000008,-1
367,463549,1000020,-1
368,463549,1000008,-1
369,463547,1000012,10
370,463549,1000012,-1
371,463559,1000020,-1
371,463561,1000020,-1
372,463559,1000008,-1
372,463561,1000008,-1
373,463563,1000020,-1
374,463563,1000008,-1
375,463559,1000012,10
375,463561,1000012,10
376,463563,1000012,-1
377,463575,1000020,-1
378,463575,1000008,-1
379,463575,1000012,-1
380,463577,1000020,-1
381,463577,1000008,-1
382,463577,1000012,-1
383,463587,1000020,-1
383,463589,1000020,-1
384,463587,1000008,-1
384,463589,1000008,-1
385,463587,1000012,-1
385,463589,1000012,-1
386,463579,1000020,-1
386,463581,1000020,-1
387,463579,1000008,-1
387,463581,1000008,-1
388,463579,1000012,-1
388,463581,1000012,-1
389,463583,1000020,-1
389,463585,1000020,-1
390,463583,1000008,-1
390,463585,1000008,-1
391,463583,1000012,-1
391,463585,1000012,-1
392,463591,1000020,-1
393,463591,1000008,-1
394,463591,1000012,-1
398,463615,1000020,-1
398,463617,1000020,-1
399,463615,1000008,-1
399,463617,1000008,-1
400,463615,1000012,-1
400,463617,1000012,-1
401,463721,1000020,-1
401,463723,1000020,-1
402,463721,1000008,-1
402,463723,1000008,-1
403,463725,1000020,-1
404,463725,1000008,-1
405,463721,1000012,10
405,463723,1000012,10
406,463725,1000012,-1
407,463619,1000020,-1
407,463621,1000020,-1
407,463623,1000020,-1
408,463619,1000008,-1
408,463621,1000008,-1
408,463623,1000008,-1
409,463625,1000020,-1
410,463625,1000008,-1
411,463619,1000012,10
411,463621,1000012,10
411,463623,1000012,10
412,463625,1000012,-1
413,463709,1000020,-1
413,463711,1000020,-1
414,463709,1000008,-1
414,463711,1000008,-1
415,463713,1000020,-1
416,463713,1000008,-1
417,463709,1000012,10
417,463711,1000012,10
418,463713,1000012,-1
419,463735,1000020,-1
419,463737,1000020,-1
419,463739,1000020,-1
420,463735,1000008,-1
420,463737,1000008,-1
420,463739,1000008,-1
421,463741,1000020,-1
422,463741,1000008,-1
423,463735,1000012,10
423,463737,1000012,10
423,463739,1000012,10
424,463741,1000012,-1
425,463749,1000020,-1
425,463751,1000020,-1
426,463749,1000008,-1
426,463751,1000008,-1
427,463749,1000012,-1
427,463751,1000012,-1
428,463715,1000020,-1
428,463717,1000020,-1
428,463719,1000020,-1
429,463715,1000008,-1
429,463717,1000008,-1
429,463719,1000008,-1
430,463715,1000012,-1
430,463717,1000012,-1
430,463719,1000012,-1
431,463035,1000020,-1
432,463035,1000008,-1
433,463035,1000012,-1
434,463021,1000020,-1
435,463021,1000008,-1
438,463021,1000012,10
440,463023,1000020,-1
441,463023,1000008,-1
442,463025,1000020,-1
443,463025,1000008,-1
444,463023,1000012,10
445,463025,1000012,-1
446,463027,1000020,-1
447,463027,1000008,-1
448,463029,1000020,-1
449,463029,1000008,-1
450,463027,1000012,10
451,463029,1000012,-1
452,463753,1000020,-1
452,463755,1000020,-1
453,463753,1000008,-1
453,463755,1000008,-1
454,463757,1000020,-1
455,463757,1000008,-1
456,463753,1000012,10
456,463755,1000012,10
457,463757,1000012,-1
458,463743,1000020,-1
458,463745,1000020,-1
459,463743,1000008,-1
459,463745,1000008,-1
460,463747,1000020,-1
461,463747,1000008,-1
462,463743,1000012,10
462,463745,1000012,10
463,463747,1000012,-1
464,463163,1000020,-1
465,463163,1000008,-1
466,463165,1000020,-1
467,463165,1000008,-1
468,463163,1000012,10
469,463165,1000012,-1
473,463917,1000020,-1
473,463919,1000020,-1
473,463921,1000020,-1
474,463917,1000008,-1
474,463919,1000008,-1
474,463921,1000008,-1
475,463917,1000012,10
475,463919,1000012,10
475,463921,1000012,10
476,463917,1000012,-1
476,463919,1000012,-1
476,463921,1000012,-1
480,463923,1000020,-1
480,463925,1000020,-1
480,463927,1000020,-1
481,463923,1000008,-1
481,463925,1000008,-1
481,463927,1000008,-1
482,463923,1000012,-1
482,463925,1000012,-1
482,463927,1000012,-1
483,463959,1000020,-1
484,463959,1000008,-1
487,463959,1000012,10
489,463929,1000020,-1
489,463931,1000020,-1
490,463929,1000008,-1
490,463931,1000008,-1
491,463933,1000020,-1
492,463933,1000008,-1
493,463929,1000012,10
493,463931,1000012,10
494,463933,1000012,-1
495,463939,1000020,-1
496,463939,1000008,-1
499,463939,1000012,10
501,463951,1000020,-1
501,463953,1000020,-1
502,463951,1000008,-1
502,463953,1000008,-1
503,463955,1000020,-1
504,463955,1000008,-1
505,463951,1000012,10
505,463953,1000012,10
506,463955,1000012,-1
510,463897,1000020,-1
510,463899,1000020,-1
511,463897,1000008,-1
511,463899,1000008,-1
512,463897,1000012,-1
512,463899,1000012,-1
513,463893,1000020,-1
513,463895,1000020,-1
514,463893,1000008,-1
514,463895,1000008,-1
517,463893,1000012,10
517,463895,1000012,10
519,463883,1000020,-1
520,463883,1000008,-1
521,463885,1000020,-1
522,463885,1000008,-1
523,463883,1000012,10
524,463885,1000012,-1
525,463871,1000020,-1
526,463871,1000008,-1
527,463873,1000020,-1
528,463873,1000008,-1
529,463871,1000012,10
530,463873,1000012,-1
531,463889,1000020,-1
532,463889,1000008,-1
533,463891,1000020,-1
534,463891,1000008,-1
535,463889,1000012,10
536,463891,1000012,-1
537,463975,1000020,-1
537,463977,1000020,-1
538,463975,1000008,-1
538,463977,1000008,-1
541,463975,1000012,10
541,463977,1000012,10
543,463819,1000020,-1
544,463819,1000008,-1
545,463821,1000020,-1
546,463821,1000008,-1
547,463821,1000012,-1
548,463819,1000012,10
549,463807,1000020,-1
550,463807,1000008,-1
551,463809,1000020,-1
552,463809,1000008,-1
553,463807,1000012,10
554,463809,1000012,-1
555,463837,1000020,-1
556,463837,1000008,-1
557,463839,1000020,-1
558,463839,1000008,-1
559,463837,1000012,10
560,463839,1000012,-1
563,463803,1000020,-1
564,463803,1000008,-1
566,463803,1000012,-1
567,463727,1000020,-1
567,463729,1000020,-1
567,463731,1000020,-1
568,463727,1000008,-1
568,463729,1000008,-1
568,463731,1000008,-1
569,463733,1000020,-1
570,463733,1000008,-1
571,463727,1000012,10
571,463729,1000012,10
571,463731,1000012,10
572,463733,1000012,-1
573,463699,1000020,-1
574,463699,1000008,-1
575,463701,1000020,-1
576,463701,1000008,-1
577,463699,1000012,10
578,463701,1000012,-1
579,463765,1000020,-1
579,463767,1000020,-1
579,463769,1000020,-1
580,463765,1000008,-1
580,463767,1000008,-1
580,463769,1000008,-1
581,463771,1000020,-1
582,463771,1000008,-1
583,463765,1000012,10
583,463767,1000012,10
583,463769,1000012,10
584,463771,1000012,-1
587,463793,1000020,-1
587,463795,1000020,-1
587,463797,1000020,-1
587,463799,1000020,-1
587,463801,1000020,-1
588,463793,1000008,-1
588,463795,1000008,-1
588,463797,1000008,-1
588,463799,1000008,-1
588,463801,1000008,-1
590,463793,1000012,-1
590,463795,1000012,-1
590,463797,1000012,-1
590,463799,1000012,-1
590,463801,1000012,-1
591,463773,1000020,-1
591,463775,1000020,-1
591,463777,1000020,-1
591,463779,1000020,-1
592,463773,1000008,-1
592,463775,1000008,-1
592,463777,1000008,-1
592,463779,1000008,-1
595,463773,1000012,10
595,463775,1000012,10
595,463777,1000012,10
595,463779,1000012,10
597,463661,1000020,-1
597,463663,1000020,-1
597,463665,1000020,-1
597,463667,1000020,-1
597,463669,1000020,-1
598,463661,1000008,-1
598,463663,1000008,-1
598,463665,1000008,-1
598,463667,1000008,-1
598,463669,1000008,-1
601,463661,1000012,10
601,463663,1000012,10
601,463665,1000012,10
601,463667,1000012,10
601,463669,1000012,10
603,463671,1000020,-1
603,463673,1000020,-1
603,463675,1000020,-1
603,463677,1000020,-1
603,463679,1000020,-1
604,463671,1000008,-1
604,463673,1000008,-1
604,463675,1000008,-1
604,463677,1000008,-1
604,463679,1000008,-1
605,463671,1000012,-1
605,463673,1000012,-1
605,463675,1000012,-1
605,463677,1000012,-1
605,463679,1000012,-1
606,463631,1000020,-1
607,463631,1000008,-1
610,463631,1000012,10
612,463455,1000020,-1
612,463457,1000020,-1
612,463459,1000020,-1
612,463461,1000020,-1
613,463455,1000008,-1
613,463457,1000008,-1
613,463459,1000008,-1
613,463461,1000008,-1
614,463463,1000020,-1
615,463463,1000008,-1
616,463455,1000012,10
616,463457,1000012,10
616,463459,1000012,10
616,463461,1000012,10
617,463463,1000012,-1
618,463639,1000020,-1
619,463639,1000008,-1
622,463639,1000012,10
624,463647,1000020,-1
625,463647,1000008,-1
628,463647,1000012,10
630,463555,1000020,-1
631,463555,1000008,-1
634,463555,1000012,10
636,463627,1000020,-1
637,463627,1000008,-1
638,463629,1000020,-1
639,463629,1000008,-1
640,463627,1000012,10
641,463629,1000012,-1
657,463685,1000020,-1
657,463687,1000020,-1
658,463685,1000008,-1
658,463687,1000008,-1
659,463685,1000012,-1
659,463687,1000012,-1
660,463635,1000020,-1
660,463637,1000020,-1
661,463635,1000008,-1
661,463637,1000008,-1
662,463635,1000012,-1
662,463637,1000012,-1
663,463695,1000020,-1
663,463697,1000020,-1
664,463695,1000008,-1
664,463697,1000008,-1
665,463695,1000012,-1
665,463697,1000012,-1
666,463681,1000020,-1
666,463683,1000020,-1
667,463681,1000008,-1
667,463683,1000008,-1
668,463681,1000012,-1
668,463683,1000012,-1
669,463849,1000020,-1
669,463851,1000020,-1
669,463853,1000020,-1
670,463849,1000008,-1
670,463851,1000008,-1
670,463853,1000008,-1
671,463849,1000012,-1
671,463851,1000012,-1
671,463853,1000012,-1
672,463785,1000020,-1
672,463787,1000020,-1
672,463789,1000020,-1
672,463791,1000020,-1
673,463785,1000008,-1
673,463787,1000008,-1
673,463789,1000008,-1
673,463791,1000008,-1
674,463785,1000012,-1
674,463787,1000012,-1
674,463789,1000012,-1
674,463791,1000012,-1
675,463961,1000020,-1
675,463963,1000020,-1
675,463965,1000020,-1
675,463967,1000020,-1
676,463961,1000008,-1
676,463963,1000008,-1
676,463965,1000008,-1
676,463967,1000008,-1
679,463961,1000012,10
679,463963,1000012,10
679,463965,1000012,10
679,463967,1000012,10
683,463943,1000020,-1
683,463945,1000020,-1
683,463947,1000020,-1
683,463949,1000020,-1
684,463943,1000008,-1
684,463945,1000008,-1
684,463947,1000008,-1
684,463949,1000008,-1
686,463943,1000012,-1
686,463945,1000012,-1
686,463947,1000012,-1
686,463949,1000012,-1
687,463989,1000020,-1
688,463989,1000008,-1
689,463991,1000020,-1
690,463991,1000008,-1
691,463989,1000012,10
692,463991,1000012,-1
693,463983,1000020,-1
693,463985,1000020,-1
694,463983,1000008,-1
694,463985,1000008,-1
695,463987,1000020,-1
696,463987,1000008,-1
697,463983,1000012,10
697,463985,1000012,10
698,463987,1000012,-1
699,463277,1000020,-1
699,463279,1000020,-1
700,463277,1000008,-1
700,463279,1000008,-1
701,463277,1000012,-1
701,463279,1000012,-1
705,463329,1000020,-1
705,463331,1000020,-1
705,463333,1000020,-1
705,463335,1000020,-1
705,463337,1000020,-1
706,463329,1000008,-1
706,463331,1000008,-1
706,463333,1000008,-1
706,463335,1000008,-1
706,463337,1000008,-1
709,463329,1000012,10
709,463331,1000012,10
709,463333,1000012,10
709,463335,1000012,10
709,463337,1000012,10
